"repo_name","release_tag","period","date","day_of_week","release_gap_days","avg_releases_per_period","release_count","cumulative_releases"
"stackflow","@stackflow/react-ui-core@1.3.2","day","2025-05-29","목요일",0,159,2,1
"stackflow","@stackflow/plugin-basic-ui@1.14.2","day","2025-05-29","목요일",0,159,2,2
"stackflow","@stackflow/react-ui-core@1.3.1","day","2025-05-15","목요일",-13,159,2,3
"stackflow","@stackflow/plugin-basic-ui@1.14.1","day","2025-05-15","목요일",0,159,2,4
"stackflow","@stackflow/react@1.5.2","day","2025-05-12","월요일",-3,159,1,5
"stackflow","@stackflow/react-ui-core@1.3.0","day","2025-04-09","수요일",-32,159,2,6
"stackflow","@stackflow/plugin-basic-ui@1.14.0","day","2025-04-09","수요일",0,159,2,7
"stackflow","@stackflow/react-ui-core@1.2.3","day","2025-03-27","목요일",-13,159,2,8
"stackflow","@stackflow/plugin-basic-ui@1.13.1","day","2025-03-27","목요일",0,159,2,9
"stackflow","@stackflow/react-ui-core@1.2.2","day","2025-03-14","금요일",-12,159,2,10
"stackflow","@stackflow/plugin-basic-ui@1.13.0","day","2025-03-14","금요일",0,159,2,11
"stackflow","@stackflow/react@1.5.1","day","2025-02-24","월요일",-17,159,1,12
"stackflow","@stackflow/react@1.5.0","day","2025-02-14","금요일",-10,159,3,13
"stackflow","@stackflow/plugin-basic-ui@1.12.0","day","2025-02-14","금요일",0,159,3,14
"stackflow","@stackflow/core@1.2.0","day","2025-02-14","금요일",0,159,3,15
"stackflow","@stackflow/react@1.4.2","day","2025-01-22","수요일",-22,159,5,16
"stackflow","@stackflow/plugin-history-sync@1.7.1","day","2025-01-22","수요일",0,159,5,17
"stackflow","@stackflow/link@1.6.1","day","2025-01-22","수요일",0,159,5,18
"stackflow","@stackflow/core@1.1.1","day","2025-01-22","수요일",0,159,5,19
"stackflow","@stackflow/config@1.2.1","day","2025-01-22","수요일",0,159,5,20
"stackflow","@stackflow/react-ui-core@1.2.1","day","2024-12-18","수요일",-34,159,4,21
"stackflow","@stackflow/react-ui-core@1.2.0","day","2024-12-18","수요일",0,159,4,22
"stackflow","@stackflow/plugin-basic-ui@1.11.1","day","2024-12-18","수요일",0,159,4,23
"stackflow","@stackflow/plugin-basic-ui@1.11.0","day","2024-12-18","수요일",0,159,4,24
"stackflow","@stackflow/plugin-basic-ui@1.10.1","day","2024-11-19","화요일",-28,159,1,25
"stackflow","@stackflow/link@1.6.0","day","2024-11-08","금요일",-11,159,1,26
"stackflow","@stackflow/react@1.4.1","day","2024-10-23","수요일",-15,159,1,27
"stackflow","@stackflow/react@1.4.0","day","2024-09-26","목요일",-26,159,5,28
"stackflow","@stackflow/plugin-preload@1.4.3","day","2024-09-26","목요일",0,159,5,29
"stackflow","@stackflow/plugin-history-sync@1.7.0","day","2024-09-26","목요일",0,159,5,30
"stackflow","@stackflow/link@1.5.0","day","2024-09-26","목요일",0,159,5,31
"stackflow","@stackflow/config@1.2.0","day","2024-09-26","목요일",0,159,5,32
"stackflow","@stackflow/plugin-basic-ui@1.10.0","day","2024-09-11","수요일",-14,159,1,33
"stackflow","@stackflow/react@1.3.2","day","2024-09-03","화요일",-8,159,10,34
"stackflow","@stackflow/react-ui-core@1.1.2","day","2024-09-03","화요일",0,159,10,35
"stackflow","@stackflow/plugin-renderer-web@1.1.13","day","2024-09-03","화요일",0,159,10,36
"stackflow","@stackflow/plugin-renderer-basic@1.1.13","day","2024-09-03","화요일",0,159,10,37
"stackflow","@stackflow/plugin-preload@1.4.2","day","2024-09-03","화요일",0,159,10,38
"stackflow","@stackflow/plugin-map-initial-activity@1.0.11","day","2024-09-03","화요일",0,159,10,39
"stackflow","@stackflow/plugin-google-analytics-4@1.1.15","day","2024-09-03","화요일",0,159,10,40
"stackflow","@stackflow/plugin-basic-ui@1.9.2","day","2024-09-03","화요일",0,159,10,41
"stackflow","@stackflow/link@1.4.5","day","2024-09-03","화요일",0,159,10,42
"stackflow","@stackflow/compat-await-push@1.1.13","day","2024-09-03","화요일",0,159,10,43
"stackflow","@stackflow/plugin-history-sync@1.6.3","day","2024-08-21","수요일",-12,159,1,44
"stackflow","@stackflow/react@1.3.1","day","2024-08-14","수요일",-7,159,15,45
"stackflow","@stackflow/react@1.3.0","day","2024-08-14","수요일",0,159,15,46
"stackflow","@stackflow/react-ui-core@1.1.1","day","2024-08-14","수요일",0,159,15,47
"stackflow","@stackflow/plugin-stack-depth-change@1.1.5","day","2024-08-14","수요일",0,159,15,48
"stackflow","@stackflow/plugin-renderer-web@1.1.12","day","2024-08-14","수요일",0,159,15,49
"stackflow","@stackflow/plugin-renderer-basic@1.1.12","day","2024-08-14","수요일",0,159,15,50
"stackflow","@stackflow/plugin-preload@1.4.1","day","2024-08-14","수요일",0,159,15,51
"stackflow","@stackflow/plugin-map-initial-activity@1.0.10","day","2024-08-14","수요일",0,159,15,52
"stackflow","@stackflow/plugin-history-sync@1.6.2","day","2024-08-14","수요일",0,159,15,53
"stackflow","@stackflow/plugin-google-analytics-4@1.1.14","day","2024-08-14","수요일",0,159,15,54
"stackflow","@stackflow/plugin-devtools@0.1.11","day","2024-08-14","수요일",0,159,15,55
"stackflow","@stackflow/plugin-basic-ui@1.9.1","day","2024-08-14","수요일",0,159,15,56
"stackflow","@stackflow/link@1.4.4","day","2024-08-14","수요일",0,159,15,57
"stackflow","@stackflow/core@1.1.0","day","2024-08-14","수요일",0,159,15,58
"stackflow","@stackflow/compat-await-push@1.1.12","day","2024-08-14","수요일",0,159,15,59
"stackflow","@stackflow/react@1.2.2","day","2024-08-08","목요일",-6,159,5,60
"stackflow","@stackflow/react-ui-core@1.1.0","day","2024-08-08","목요일",0,159,5,61
"stackflow","@stackflow/plugin-history-sync@1.6.1","day","2024-08-08","목요일",0,159,5,62
"stackflow","@stackflow/plugin-basic-ui@1.9.0","day","2024-08-08","목요일",0,159,5,63
"stackflow","@stackflow/core@1.0.14","day","2024-08-08","목요일",0,159,5,64
"stackflow","@stackflow/plugin-preload@1.4.0","day","2024-08-02","금요일",-6,159,2,65
"stackflow","@stackflow/plugin-basic-ui@1.8.4","day","2024-08-02","금요일",0,159,2,66
"stackflow","@stackflow/react@1.2.1","day","2024-07-31","수요일",-1,159,12,67
"stackflow","@stackflow/react@1.2.0","day","2024-07-31","수요일",0,159,12,68
"stackflow","@stackflow/plugin-renderer-web@1.1.11","day","2024-07-31","수요일",0,159,12,69
"stackflow","@stackflow/plugin-renderer-basic@1.1.11","day","2024-07-31","수요일",0,159,12,70
"stackflow","@stackflow/plugin-preload@1.3.3","day","2024-07-31","수요일",0,159,12,71
"stackflow","@stackflow/plugin-map-initial-activity@1.0.9","day","2024-07-31","수요일",0,159,12,72
"stackflow","@stackflow/plugin-history-sync@1.6.0","day","2024-07-31","수요일",0,159,12,73
"stackflow","@stackflow/plugin-google-analytics-4@1.1.13","day","2024-07-31","수요일",0,159,12,74
"stackflow","@stackflow/plugin-basic-ui@1.8.3","day","2024-07-31","수요일",0,159,12,75
"stackflow","@stackflow/link@1.4.3","day","2024-07-31","수요일",0,159,12,76
"stackflow","@stackflow/config@1.1.0","day","2024-07-31","수요일",0,159,12,77
"stackflow","@stackflow/compat-await-push@1.1.11","day","2024-07-31","수요일",0,159,12,78
"stackflow","@stackflow/react@1.1.11","day","2024-07-25","목요일",-6,159,14,79
"stackflow","@stackflow/plugin-stack-depth-change@1.1.4","day","2024-07-25","목요일",0,159,14,80
"stackflow","@stackflow/plugin-renderer-web@1.1.10","day","2024-07-25","목요일",0,159,14,81
"stackflow","@stackflow/plugin-renderer-basic@1.1.10","day","2024-07-25","목요일",0,159,14,82
"stackflow","@stackflow/plugin-preload@1.3.2","day","2024-07-25","목요일",0,159,14,83
"stackflow","@stackflow/plugin-map-initial-activity@1.0.8","day","2024-07-25","목요일",0,159,14,84
"stackflow","@stackflow/plugin-history-sync@1.5.4","day","2024-07-25","목요일",0,159,14,85
"stackflow","@stackflow/plugin-google-analytics-4@1.1.12","day","2024-07-25","목요일",0,159,14,86
"stackflow","@stackflow/plugin-devtools@0.1.10","day","2024-07-25","목요일",0,159,14,87
"stackflow","@stackflow/plugin-basic-ui@1.8.2","day","2024-07-25","목요일",0,159,14,88
"stackflow","@stackflow/link@1.4.2","day","2024-07-25","목요일",0,159,14,89
"stackflow","@stackflow/esbuild-config@1.0.3","day","2024-07-25","목요일",0,159,14,90
"stackflow","@stackflow/core@1.0.13","day","2024-07-25","목요일",0,159,14,91
"stackflow","@stackflow/compat-await-push@1.1.10","day","2024-07-25","목요일",0,159,14,92
"stackflow","@stackflow/plugin-basic-ui@1.8.1","day","2024-07-24","수요일",-1,159,1,93
"stackflow","@stackflow/plugin-history-sync@1.5.3","day","2024-07-23","화요일",-1,159,1,94
"stackflow","@stackflow/react@1.1.10","day","2024-07-22","월요일",0,159,14,95
"stackflow","@stackflow/plugin-stack-depth-change@1.1.3","day","2024-07-22","월요일",0,159,14,96
"stackflow","@stackflow/plugin-renderer-web@1.1.9","day","2024-07-22","월요일",0,159,14,97
"stackflow","@stackflow/plugin-renderer-basic@1.1.9","day","2024-07-22","월요일",0,159,14,98
"stackflow","@stackflow/plugin-preload@1.3.1","day","2024-07-22","월요일",0,159,14,99
"stackflow","@stackflow/plugin-map-initial-activity@1.0.7","day","2024-07-22","월요일",0,159,14,100
"stackflow","@stackflow/plugin-history-sync@1.5.2","day","2024-07-22","월요일",0,159,14,101
"stackflow","@stackflow/plugin-google-analytics-4@1.1.11","day","2024-07-22","월요일",0,159,14,102
"stackflow","@stackflow/plugin-devtools@0.1.9","day","2024-07-22","월요일",0,159,14,103
"stackflow","@stackflow/plugin-basic-ui@1.8.0","day","2024-07-22","월요일",0,159,14,104
"stackflow","@stackflow/link@1.4.1","day","2024-07-22","월요일",0,159,14,105
"stackflow","@stackflow/esbuild-config@1.0.2","day","2024-07-22","월요일",0,159,14,106
"stackflow","@stackflow/core@1.0.12","day","2024-07-22","월요일",0,159,14,107
"stackflow","@stackflow/compat-await-push@1.1.9","day","2024-07-22","월요일",0,159,14,108
"stackflow","@stackflow/plugin-history-sync@1.5.1","day","2024-07-09","화요일",-12,159,2,109
"stackflow","@stackflow/core@1.0.11","day","2024-07-09","화요일",0,159,2,110
"stackflow","@stackflow/plugin-basic-ui@1.7.0","day","2024-05-28","화요일",-42,159,1,111
"stackflow","@stackflow/react@1.1.9","day","2024-05-24","금요일",-3,159,1,112
"stackflow","@stackflow/plugin-history-sync@1.5.0","day","2024-05-22","수요일",-1,159,2,113
"stackflow","@stackflow/plugin-basic-ui@1.6.0","day","2024-05-22","수요일",0,159,2,114
"stackflow","@stackflow/react@1.1.8","day","2024-02-13","화요일",-98,159,10,115
"stackflow","@stackflow/plugin-renderer-web@1.1.8","day","2024-02-13","화요일",0,159,10,116
"stackflow","@stackflow/plugin-renderer-basic@1.1.8","day","2024-02-13","화요일",0,159,10,117
"stackflow","@stackflow/plugin-preload@1.3.0","day","2024-02-13","화요일",0,159,10,118
"stackflow","@stackflow/plugin-map-initial-activity@1.0.6","day","2024-02-13","화요일",0,159,10,119
"stackflow","@stackflow/plugin-history-sync@1.4.0","day","2024-02-13","화요일",0,159,10,120
"stackflow","@stackflow/plugin-google-analytics-4@1.1.10","day","2024-02-13","화요일",0,159,10,121
"stackflow","@stackflow/plugin-basic-ui@1.5.3","day","2024-02-13","화요일",0,159,10,122
"stackflow","@stackflow/link@1.4.0","day","2024-02-13","화요일",0,159,10,123
"stackflow","@stackflow/compat-await-push@1.1.8","day","2024-02-13","화요일",0,159,10,124
"stackflow","@stackflow/react@1.1.7","day","2024-01-30","화요일",-14,159,13,125
"stackflow","@stackflow/plugin-stack-depth-change@1.1.2","day","2024-01-30","화요일",0,159,13,126
"stackflow","@stackflow/plugin-renderer-web@1.1.7","day","2024-01-30","화요일",0,159,13,127
"stackflow","@stackflow/plugin-renderer-basic@1.1.7","day","2024-01-30","화요일",0,159,13,128
"stackflow","@stackflow/plugin-preload@1.2.15","day","2024-01-30","화요일",0,159,13,129
"stackflow","@stackflow/plugin-map-initial-activity@1.0.5","day","2024-01-30","화요일",0,159,13,130
"stackflow","@stackflow/plugin-history-sync@1.3.18","day","2024-01-30","화요일",0,159,13,131
"stackflow","@stackflow/plugin-google-analytics-4@1.1.9","day","2024-01-30","화요일",0,159,13,132
"stackflow","@stackflow/plugin-devtools@0.1.8","day","2024-01-30","화요일",0,159,13,133
"stackflow","@stackflow/plugin-basic-ui@1.5.2","day","2024-01-30","화요일",0,159,13,134
"stackflow","@stackflow/link@1.3.16","day","2024-01-30","화요일",0,159,13,135
"stackflow","@stackflow/core@1.0.10","day","2024-01-30","화요일",0,159,13,136
"stackflow","@stackflow/compat-await-push@1.1.7","day","2024-01-30","화요일",0,159,13,137
"stackflow","@stackflow/plugin-history-sync@1.3.17","day","2024-01-23","화요일",-7,159,1,138
"stackflow","@stackflow/plugin-history-sync@1.3.16","day","2024-01-22","월요일",0,159,1,139
"stackflow","@stackflow/plugin-stack-depth-change@1.1.1","day","2024-01-20","토요일",-1,159,0,140
"stackflow","@stackflow/plugin-history-sync@1.3.15","day","2024-01-16","화요일",-3,159,2,141
"stackflow","@stackflow/plugin-basic-ui@1.5.1","day","2024-01-16","화요일",0,159,2,142
"stackflow","@stackflow/plugin-basic-ui@1.5.0","day","2023-12-23","토요일",-23,159,0,143
"stackflow","@stackflow/react@1.1.6","day","2023-12-22","금요일",-1,159,15,144
"stackflow","@stackflow/plugin-stack-depth-change@1.1.0","day","2023-12-22","금요일",0,159,15,145
"stackflow","@stackflow/plugin-renderer-web@1.1.6","day","2023-12-22","금요일",0,159,15,146
"stackflow","@stackflow/plugin-renderer-basic@1.1.6","day","2023-12-22","금요일",0,159,15,147
"stackflow","@stackflow/plugin-preload@1.2.14","day","2023-12-22","금요일",0,159,15,148
"stackflow","@stackflow/plugin-map-initial-activity@1.0.4","day","2023-12-22","금요일",0,159,15,149
"stackflow","@stackflow/plugin-history-sync@1.3.14","day","2023-12-22","금요일",0,159,15,150
"stackflow","@stackflow/plugin-google-analytics-4@1.1.8","day","2023-12-22","금요일",0,159,15,151
"stackflow","@stackflow/plugin-devtools@0.1.7","day","2023-12-22","금요일",0,159,15,152
"stackflow","@stackflow/plugin-basic-ui@1.4.2","day","2023-12-22","금요일",0,159,15,153
"stackflow","@stackflow/link@1.3.15","day","2023-12-22","금요일",0,159,15,154
"stackflow","@stackflow/eslint-config@1.0.2","day","2023-12-22","금요일",0,159,15,155
"stackflow","@stackflow/esbuild-config@1.0.1","day","2023-12-22","금요일",0,159,15,156
"stackflow","@stackflow/core@1.0.9","day","2023-12-22","금요일",0,159,15,157
"stackflow","@stackflow/compat-await-push@1.1.6","day","2023-12-22","금요일",0,159,15,158
"stackflow","@stackflow/plugin-basic-ui@1.4.1","day","2023-12-01","금요일",-21,159,1,159
"seed-design","@seed-design/webpack-plugin@0.0.30","day","2025-06-02","월요일",0,329,10,1
"seed-design","@seed-design/vite-plugin@0.0.30","day","2025-06-02","월요일",0,329,10,2
"seed-design","@seed-design/stackflow@0.0.30","day","2025-06-02","월요일",0,329,10,3
"seed-design","@seed-design/rsbuild-plugin@0.0.30","day","2025-06-02","월요일",0,329,10,4
"seed-design","@seed-design/react@0.0.30","day","2025-06-02","월요일",0,329,10,5
"seed-design","@seed-design/react-tabs@0.0.7","day","2025-06-02","월요일",0,329,10,6
"seed-design","@seed-design/react-pull-to-refresh@0.0.6","day","2025-06-02","월요일",0,329,10,7
"seed-design","@seed-design/mcp@0.0.30","day","2025-06-02","월요일",0,329,10,8
"seed-design","@seed-design/figma@0.0.30","day","2025-06-02","월요일",0,329,10,9
"seed-design","@seed-design/css@0.0.30","day","2025-06-02","월요일",0,329,10,10
"seed-design","@seed-design/webpack-plugin@0.0.29","day","2025-05-30","금요일",-2,329,22,11
"seed-design","@seed-design/vite-plugin@0.0.29","day","2025-05-30","금요일",0,329,22,12
"seed-design","@seed-design/stackflow@0.0.29","day","2025-05-30","금요일",0,329,22,13
"seed-design","@seed-design/rsbuild-plugin@0.0.29","day","2025-05-30","금요일",0,329,22,14
"seed-design","@seed-design/react@0.0.29","day","2025-05-30","금요일",0,329,22,15
"seed-design","@seed-design/react-toggle@0.0.4","day","2025-05-30","금요일",0,329,22,16
"seed-design","@seed-design/react-text-field@0.0.4","day","2025-05-30","금요일",0,329,22,17
"seed-design","@seed-design/react-tabs@0.0.6","day","2025-05-30","금요일",0,329,22,18
"seed-design","@seed-design/react-switch@0.0.4","day","2025-05-30","금요일",0,329,22,19
"seed-design","@seed-design/react-snackbar@0.0.5","day","2025-05-30","금요일",0,329,22,20
"seed-design","@seed-design/react-segmented-control@0.0.5","day","2025-05-30","금요일",0,329,22,21
"seed-design","@seed-design/react-radio-group@0.0.4","day","2025-05-30","금요일",0,329,22,22
"seed-design","@seed-design/react-pull-to-refresh@0.0.5","day","2025-05-30","금요일",0,329,22,23
"seed-design","@seed-design/react-progress@0.0.4","day","2025-05-30","금요일",0,329,22,24
"seed-design","@seed-design/react-primitive@0.0.3","day","2025-05-30","금요일",0,329,22,25
"seed-design","@seed-design/react-popover@0.0.7","day","2025-05-30","금요일",0,329,22,26
"seed-design","@seed-design/react-dialog@0.0.5","day","2025-05-30","금요일",0,329,22,27
"seed-design","@seed-design/react-checkbox@0.0.4","day","2025-05-30","금요일",0,329,22,28
"seed-design","@seed-design/react-avatar@0.0.4","day","2025-05-30","금요일",0,329,22,29
"seed-design","@seed-design/mcp@0.0.29","day","2025-05-30","금요일",0,329,22,30
"seed-design","@seed-design/figma@0.0.29","day","2025-05-30","금요일",0,329,22,31
"seed-design","@seed-design/css@0.0.29","day","2025-05-30","금요일",0,329,22,32
"seed-design","@seed-design/webpack-plugin@0.0.28","day","2025-05-29","목요일",-1,329,31,33
"seed-design","@seed-design/webpack-plugin@0.0.27","day","2025-05-29","목요일",0,329,31,34
"seed-design","@seed-design/vite-plugin@0.0.28","day","2025-05-29","목요일",0,329,31,35
"seed-design","@seed-design/vite-plugin@0.0.27","day","2025-05-29","목요일",0,329,31,36
"seed-design","@seed-design/stackflow@0.0.28","day","2025-05-29","목요일",0,329,31,37
"seed-design","@seed-design/stackflow@0.0.27","day","2025-05-29","목요일",0,329,31,38
"seed-design","@seed-design/rsbuild-plugin@0.0.28","day","2025-05-29","목요일",0,329,31,39
"seed-design","@seed-design/rsbuild-plugin@0.0.27","day","2025-05-29","목요일",0,329,31,40
"seed-design","@seed-design/react@0.0.28","day","2025-05-29","목요일",0,329,31,41
"seed-design","@seed-design/react@0.0.27","day","2025-05-29","목요일",0,329,31,42
"seed-design","@seed-design/react-toggle@0.0.3","day","2025-05-29","목요일",0,329,31,43
"seed-design","@seed-design/react-text-field@0.0.3","day","2025-05-29","목요일",0,329,31,44
"seed-design","@seed-design/react-tabs@0.0.5","day","2025-05-29","목요일",0,329,31,45
"seed-design","@seed-design/react-switch@0.0.3","day","2025-05-29","목요일",0,329,31,46
"seed-design","@seed-design/react-snackbar@0.0.4","day","2025-05-29","목요일",0,329,31,47
"seed-design","@seed-design/react-segmented-control@0.0.4","day","2025-05-29","목요일",0,329,31,48
"seed-design","@seed-design/react-radio-group@0.0.3","day","2025-05-29","목요일",0,329,31,49
"seed-design","@seed-design/react-pull-to-refresh@0.0.4","day","2025-05-29","목요일",0,329,31,50
"seed-design","@seed-design/react-progress@0.0.3","day","2025-05-29","목요일",0,329,31,51
"seed-design","@seed-design/react-portal@0.0.2","day","2025-05-29","목요일",0,329,31,52
"seed-design","@seed-design/react-popover@0.0.6","day","2025-05-29","목요일",0,329,31,53
"seed-design","@seed-design/react-dialog@0.0.4","day","2025-05-29","목요일",0,329,31,54
"seed-design","@seed-design/react-checkbox@0.0.3","day","2025-05-29","목요일",0,329,31,55
"seed-design","@seed-design/react-avatar@0.0.3","day","2025-05-29","목요일",0,329,31,56
"seed-design","@seed-design/mcp@0.0.28","day","2025-05-29","목요일",0,329,31,57
"seed-design","@seed-design/mcp@0.0.27","day","2025-05-29","목요일",0,329,31,58
"seed-design","@seed-design/figma@0.0.28","day","2025-05-29","목요일",0,329,31,59
"seed-design","@seed-design/figma@0.0.27","day","2025-05-29","목요일",0,329,31,60
"seed-design","@seed-design/css@0.0.28","day","2025-05-29","목요일",0,329,31,61
"seed-design","@seed-design/css@0.0.27","day","2025-05-29","목요일",0,329,31,62
"seed-design","@seed-design/codemod@0.0.25","day","2025-05-29","목요일",0,329,31,63
"seed-design","@seed-design/webpack-plugin@0.0.26","day","2025-05-21","수요일",-7,329,4,64
"seed-design","@seed-design/vite-plugin@0.0.26","day","2025-05-21","수요일",0,329,4,65
"seed-design","@seed-design/rsbuild-plugin@0.0.26","day","2025-05-21","수요일",0,329,4,66
"seed-design","@seed-design/codemod@0.0.24","day","2025-05-21","수요일",0,329,4,67
"seed-design","@seed-design/webpack-plugin@0.0.25","day","2025-05-19","월요일",-2,329,9,68
"seed-design","@seed-design/vite-plugin@0.0.25","day","2025-05-19","월요일",0,329,9,69
"seed-design","@seed-design/stackflow@0.0.25","day","2025-05-19","월요일",0,329,9,70
"seed-design","@seed-design/rsbuild-plugin@0.0.25","day","2025-05-19","월요일",0,329,9,71
"seed-design","@seed-design/react@0.0.25","day","2025-05-19","월요일",0,329,9,72
"seed-design","@seed-design/mcp@0.0.25","day","2025-05-19","월요일",0,329,9,73
"seed-design","@seed-design/figma@0.0.25","day","2025-05-19","월요일",0,329,9,74
"seed-design","@seed-design/css@0.0.25","day","2025-05-19","월요일",0,329,9,75
"seed-design","@seed-design/codemod@0.0.23","day","2025-05-19","월요일",0,329,9,76
"seed-design","@seed-design/webpack-plugin@0.0.24","day","2025-05-08","목요일",-10,329,9,77
"seed-design","@seed-design/vite-plugin@0.0.24","day","2025-05-08","목요일",0,329,9,78
"seed-design","@seed-design/stackflow@0.0.24","day","2025-05-08","목요일",0,329,9,79
"seed-design","@seed-design/rsbuild-plugin@0.0.24","day","2025-05-08","목요일",0,329,9,80
"seed-design","@seed-design/react@0.0.24","day","2025-05-08","목요일",0,329,9,81
"seed-design","@seed-design/react-portal@0.0.1","day","2025-05-08","목요일",0,329,9,82
"seed-design","@seed-design/mcp@0.0.24","day","2025-05-08","목요일",0,329,9,83
"seed-design","@seed-design/figma@0.0.24","day","2025-05-08","목요일",0,329,9,84
"seed-design","@seed-design/css@0.0.24","day","2025-05-08","목요일",0,329,9,85
"seed-design","@seed-design/webpack-plugin@0.0.23","day","2025-05-02","금요일",-5,329,8,86
"seed-design","@seed-design/vite-plugin@0.0.23","day","2025-05-02","금요일",0,329,8,87
"seed-design","@seed-design/stackflow@0.0.23","day","2025-05-02","금요일",0,329,8,88
"seed-design","@seed-design/rsbuild-plugin@0.0.23","day","2025-05-02","금요일",0,329,8,89
"seed-design","@seed-design/react@0.0.23","day","2025-05-02","금요일",0,329,8,90
"seed-design","@seed-design/mcp@0.0.23","day","2025-05-02","금요일",0,329,8,91
"seed-design","@seed-design/figma@0.0.23","day","2025-05-02","금요일",0,329,8,92
"seed-design","@seed-design/css@0.0.23","day","2025-05-02","금요일",0,329,8,93
"seed-design","@seed-design/webpack-plugin@0.0.21","day","2025-04-28","월요일",-3,329,29,94
"seed-design","@seed-design/vite-plugin@0.0.21","day","2025-04-28","월요일",0,329,29,95
"seed-design","@seed-design/tailwind4-theme@0.0.21","day","2025-04-28","월요일",0,329,29,96
"seed-design","@seed-design/tailwind3-plugin@0.0.21","day","2025-04-28","월요일",0,329,29,97
"seed-design","@seed-design/stackflow@0.0.21","day","2025-04-28","월요일",0,329,29,98
"seed-design","@seed-design/rsbuild-plugin@0.0.21","day","2025-04-28","월요일",0,329,29,99
"seed-design","@seed-design/react@0.0.21","day","2025-04-28","월요일",0,329,29,100
"seed-design","@seed-design/react-toggle@0.0.2","day","2025-04-28","월요일",0,329,29,101
"seed-design","@seed-design/react-text-field@0.0.2","day","2025-04-28","월요일",0,329,29,102
"seed-design","@seed-design/react-tabs@0.0.4","day","2025-04-28","월요일",0,329,29,103
"seed-design","@seed-design/react-switch@0.0.2","day","2025-04-28","월요일",0,329,29,104
"seed-design","@seed-design/react-snackbar@0.0.3","day","2025-04-28","월요일",0,329,29,105
"seed-design","@seed-design/react-segmented-control@0.0.3","day","2025-04-28","월요일",0,329,29,106
"seed-design","@seed-design/react-radio-group@0.0.2","day","2025-04-28","월요일",0,329,29,107
"seed-design","@seed-design/react-pull-to-refresh@0.0.3","day","2025-04-28","월요일",0,329,29,108
"seed-design","@seed-design/react-progress@0.0.2","day","2025-04-28","월요일",0,329,29,109
"seed-design","@seed-design/react-primitive@0.0.2","day","2025-04-28","월요일",0,329,29,110
"seed-design","@seed-design/react-popover@0.0.5","day","2025-04-28","월요일",0,329,29,111
"seed-design","@seed-design/react-dialog@0.0.3","day","2025-04-28","월요일",0,329,29,112
"seed-design","@seed-design/react-checkbox@0.0.2","day","2025-04-28","월요일",0,329,29,113
"seed-design","@seed-design/react-avatar@0.0.2","day","2025-04-28","월요일",0,329,29,114
"seed-design","@seed-design/mcp@0.0.22","day","2025-04-29","화요일",0,329,2,115
"seed-design","@seed-design/mcp@0.0.21","day","2025-04-28","월요일",0,329,29,116
"seed-design","@seed-design/figma@0.0.22","day","2025-04-29","화요일",0,329,2,117
"seed-design","@seed-design/figma@0.0.21","day","2025-04-28","월요일",0,329,29,118
"seed-design","@seed-design/figma-extractor@0.0.4","day","2025-04-28","월요일",0,329,29,119
"seed-design","@seed-design/dom-utils@0.0.2","day","2025-04-28","월요일",0,329,29,120
"seed-design","@seed-design/design-token@1.0.4","day","2025-04-28","월요일",0,329,29,121
"seed-design","@seed-design/css@0.0.21","day","2025-04-28","월요일",0,329,29,122
"seed-design","@seed-design/codemod@0.0.22","day","2025-04-28","월요일",0,329,29,123
"seed-design","@seed-design/cli@0.0.2","day","2025-04-28","월요일",0,329,29,124
"seed-design","@seed-design/webpack-plugin@0.0.19","day","2025-04-23","수요일",-5,329,10,125
"seed-design","@seed-design/vite-plugin@0.0.19","day","2025-04-23","수요일",0,329,10,126
"seed-design","@seed-design/stackflow@0.0.19","day","2025-04-23","수요일",0,329,10,127
"seed-design","@seed-design/rsbuild-plugin@0.0.19","day","2025-04-23","수요일",0,329,10,128
"seed-design","@seed-design/react@0.0.19","day","2025-04-23","수요일",0,329,10,129
"seed-design","@seed-design/mcp@0.0.20","day","2025-04-24","목요일",0,329,2,130
"seed-design","@seed-design/mcp@0.0.19","day","2025-04-23","수요일",0,329,10,131
"seed-design","@seed-design/figma@0.0.20","day","2025-04-24","목요일",0,329,2,132
"seed-design","@seed-design/figma@0.0.19","day","2025-04-23","수요일",0,329,10,133
"seed-design","@seed-design/css@0.0.19","day","2025-04-23","수요일",0,329,10,134
"seed-design","@seed-design/webpack-plugin@0.0.17","day","2025-04-22","화요일",-1,329,18,135
"seed-design","@seed-design/webpack-plugin@0.0.15","day","2025-04-22","화요일",0,329,18,136
"seed-design","@seed-design/vite-plugin@0.0.17","day","2025-04-22","화요일",0,329,18,137
"seed-design","@seed-design/vite-plugin@0.0.15","day","2025-04-22","화요일",0,329,18,138
"seed-design","@seed-design/stackflow@0.0.17","day","2025-04-22","화요일",0,329,18,139
"seed-design","@seed-design/stackflow@0.0.15","day","2025-04-22","화요일",0,329,18,140
"seed-design","@seed-design/rsbuild-plugin@0.0.17","day","2025-04-22","화요일",0,329,18,141
"seed-design","@seed-design/rsbuild-plugin@0.0.15","day","2025-04-22","화요일",0,329,18,142
"seed-design","@seed-design/react@0.0.17","day","2025-04-22","화요일",0,329,18,143
"seed-design","@seed-design/react@0.0.15","day","2025-04-22","화요일",0,329,18,144
"seed-design","@seed-design/react-popover@0.0.4","day","2025-04-22","화요일",0,329,18,145
"seed-design","@seed-design/mcp@0.0.18","day","2025-04-23","수요일",0,329,10,146
"seed-design","@seed-design/mcp@0.0.17","day","2025-04-22","화요일",0,329,18,147
"seed-design","@seed-design/mcp@0.0.16","day","2025-04-22","화요일",0,329,18,148
"seed-design","@seed-design/mcp@0.0.15","day","2025-04-22","화요일",0,329,18,149
"seed-design","@seed-design/figma@0.0.18","day","2025-04-23","수요일",0,329,10,150
"seed-design","@seed-design/figma@0.0.17","day","2025-04-22","화요일",0,329,18,151
"seed-design","@seed-design/figma@0.0.15","day","2025-04-22","화요일",0,329,18,152
"seed-design","@seed-design/css@0.0.17","day","2025-04-22","화요일",0,329,18,153
"seed-design","@seed-design/css@0.0.15","day","2025-04-22","화요일",0,329,18,154
"seed-design","@seed-design/webpack-plugin@0.0.14","day","2025-04-18","금요일",-3,329,9,155
"seed-design","@seed-design/vite-plugin@0.0.14","day","2025-04-18","금요일",0,329,9,156
"seed-design","@seed-design/stackflow@0.0.14","day","2025-04-18","금요일",0,329,9,157
"seed-design","@seed-design/rsbuild-plugin@0.0.14","day","2025-04-18","금요일",0,329,9,158
"seed-design","@seed-design/react@0.0.14","day","2025-04-18","금요일",0,329,9,159
"seed-design","@seed-design/react-popover@0.0.3","day","2025-04-18","금요일",0,329,9,160
"seed-design","@seed-design/mcp@0.0.6","day","2025-04-18","금요일",0,329,9,161
"seed-design","@seed-design/figma@0.0.6","day","2025-04-18","금요일",0,329,9,162
"seed-design","@seed-design/css@0.0.14","day","2025-04-18","금요일",0,329,9,163
"seed-design","@seed-design/webpack-plugin@0.0.13","day","2025-04-17","목요일",-1,329,9,164
"seed-design","@seed-design/vite-plugin@0.0.13","day","2025-04-17","목요일",0,329,9,165
"seed-design","@seed-design/stackflow@0.0.13","day","2025-04-17","목요일",0,329,9,166
"seed-design","@seed-design/rsbuild-plugin@0.0.13","day","2025-04-17","목요일",0,329,9,167
"seed-design","@seed-design/react@0.0.13","day","2025-04-17","목요일",0,329,9,168
"seed-design","@seed-design/react-pull-to-refresh@0.0.2","day","2025-04-17","목요일",0,329,9,169
"seed-design","@seed-design/mcp@0.0.5","day","2025-04-17","목요일",0,329,9,170
"seed-design","@seed-design/figma@0.0.5","day","2025-04-17","목요일",0,329,9,171
"seed-design","@seed-design/css@0.0.13","day","2025-04-17","목요일",0,329,9,172
"seed-design","@seed-design/codemod@0.0.21","day","2025-04-07","월요일",-9,329,1,173
"seed-design","@seed-design/codemod@0.0.19","day","2025-03-25","화요일",-13,329,1,174
"seed-design","@seed-design/webpack-plugin@0.0.8","day","2025-03-18","화요일",-6,329,8,175
"seed-design","@seed-design/vite-plugin@0.0.8","day","2025-03-18","화요일",0,329,8,176
"seed-design","@seed-design/stackflow@0.0.8","day","2025-03-18","화요일",0,329,8,177
"seed-design","@seed-design/rsbuild-plugin@0.0.8","day","2025-03-18","화요일",0,329,8,178
"seed-design","@seed-design/react@0.0.8","day","2025-03-18","화요일",0,329,8,179
"seed-design","@seed-design/migration-index@0.0.18","day","2025-03-18","화요일",0,329,8,180
"seed-design","@seed-design/css@0.0.8","day","2025-03-18","화요일",0,329,8,181
"seed-design","@seed-design/codemod@0.0.18","day","2025-03-18","화요일",0,329,8,182
"seed-design","@seed-design/codemod@0.0.17","day","2025-03-14","금요일",-4,329,16,183
"seed-design","@seed-design/webpack-plugin@0.0.7","day","2025-03-14","금요일",0,329,16,184
"seed-design","@seed-design/webpack-plugin@0.0.6","day","2025-03-14","금요일",0,329,16,185
"seed-design","@seed-design/vite-plugin@0.0.7","day","2025-03-14","금요일",0,329,16,186
"seed-design","@seed-design/vite-plugin@0.0.6","day","2025-03-14","금요일",0,329,16,187
"seed-design","@seed-design/stackflow@0.0.7","day","2025-03-14","금요일",0,329,16,188
"seed-design","@seed-design/stackflow@0.0.6","day","2025-03-14","금요일",0,329,16,189
"seed-design","@seed-design/rsbuild-plugin@0.0.7","day","2025-03-14","금요일",0,329,16,190
"seed-design","@seed-design/rsbuild-plugin@0.0.6","day","2025-03-14","금요일",0,329,16,191
"seed-design","@seed-design/react@0.0.7","day","2025-03-14","금요일",0,329,16,192
"seed-design","@seed-design/react@0.0.6","day","2025-03-14","금요일",0,329,16,193
"seed-design","@seed-design/migration-index@0.0.3","day","2025-03-14","금요일",0,329,16,194
"seed-design","@seed-design/css@0.0.7","day","2025-03-14","금요일",0,329,16,195
"seed-design","@seed-design/css@0.0.6","day","2025-03-14","금요일",0,329,16,196
"seed-design","@seed-design/codemod@0.0.16","day","2025-03-14","금요일",0,329,16,197
"seed-design","@seed-design/codemod@0.0.15","day","2025-03-14","금요일",0,329,16,198
"seed-design","@seed-design/webpack-plugin@0.0.5","day","2025-03-10","월요일",-3,329,7,199
"seed-design","@seed-design/vite-plugin@0.0.5","day","2025-03-10","월요일",0,329,7,200
"seed-design","@seed-design/stackflow@0.0.5","day","2025-03-10","월요일",0,329,7,201
"seed-design","@seed-design/rsbuild-plugin@0.0.5","day","2025-03-10","월요일",0,329,7,202
"seed-design","@seed-design/react@0.0.5","day","2025-03-10","월요일",0,329,7,203
"seed-design","@seed-design/css@0.0.5","day","2025-03-10","월요일",0,329,7,204
"seed-design","@seed-design/codemod@0.0.14","day","2025-03-10","월요일",0,329,7,205
"seed-design","@seed-design/webpack-plugin@0.0.4","day","2025-03-05","수요일",-5,329,6,206
"seed-design","@seed-design/vite-plugin@0.0.4","day","2025-03-05","수요일",0,329,6,207
"seed-design","@seed-design/stackflow@0.0.4","day","2025-03-05","수요일",0,329,6,208
"seed-design","@seed-design/rsbuild-plugin@0.0.4","day","2025-03-05","수요일",0,329,6,209
"seed-design","@seed-design/react@0.0.4","day","2025-03-05","수요일",0,329,6,210
"seed-design","@seed-design/css@0.0.4","day","2025-03-05","수요일",0,329,6,211
"seed-design","@seed-design/webpack-plugin@0.0.3","day","2025-03-04","화요일",0,329,8,212
"seed-design","@seed-design/vite-plugin@0.0.3","day","2025-03-04","화요일",0,329,8,213
"seed-design","@seed-design/stackflow@0.0.3","day","2025-03-04","화요일",0,329,8,214
"seed-design","@seed-design/rsbuild-plugin@0.0.3","day","2025-03-04","화요일",0,329,8,215
"seed-design","@seed-design/react@0.0.3","day","2025-03-04","화요일",0,329,8,216
"seed-design","@seed-design/migration-index@0.0.2","day","2025-03-04","화요일",0,329,8,217
"seed-design","@seed-design/css@0.0.3","day","2025-03-04","화요일",0,329,8,218
"seed-design","@seed-design/codemod@0.0.13","day","2025-03-04","화요일",0,329,8,219
"seed-design","@seed-design/webpack-plugin@0.0.2","day","2025-02-25","화요일",-6,329,31,220
"seed-design","@seed-design/vite-plugin@0.0.2","day","2025-02-25","화요일",0,329,31,221
"seed-design","@seed-design/stylesheet@1.1.1","day","2025-02-25","화요일",0,329,31,222
"seed-design","@seed-design/stackflow@0.0.2","day","2025-02-25","화요일",0,329,31,223
"seed-design","@seed-design/react@0.0.2","day","2025-02-25","화요일",0,329,31,224
"seed-design","@seed-design/css@0.0.2","day","2025-02-25","화요일",0,329,31,225
"seed-design","@seed-design/webpack-plugin@0.0.1","day","2025-02-25","화요일",0,329,31,226
"seed-design","@seed-design/vite-plugin@0.0.1","day","2025-02-25","화요일",0,329,31,227
"seed-design","@seed-design/stylesheet@1.1.0","day","2025-02-25","화요일",0,329,31,228
"seed-design","@seed-design/stackflow@0.0.1","day","2025-02-25","화요일",0,329,31,229
"seed-design","@seed-design/react@0.0.1","day","2025-02-25","화요일",0,329,31,230
"seed-design","@seed-design/react-toggle@0.0.1","day","2025-02-25","화요일",0,329,31,231
"seed-design","@seed-design/react-theming@2.1.5","day","2025-02-25","화요일",0,329,31,232
"seed-design","@seed-design/react-text-field@0.0.1","day","2025-02-25","화요일",0,329,31,233
"seed-design","@seed-design/react-tabs@0.0.1","day","2025-02-25","화요일",0,329,31,234
"seed-design","@seed-design/react-switch@0.0.1","day","2025-02-25","화요일",0,329,31,235
"seed-design","@seed-design/react-snackbar@0.0.1","day","2025-02-25","화요일",0,329,31,236
"seed-design","@seed-design/react-segmented-control@0.0.1","day","2025-02-25","화요일",0,329,31,237
"seed-design","@seed-design/react-radio-group@0.0.1","day","2025-02-25","화요일",0,329,31,238
"seed-design","@seed-design/react-pull-to-refresh@0.0.1","day","2025-02-25","화요일",0,329,31,239
"seed-design","@seed-design/react-progress@0.0.1","day","2025-02-25","화요일",0,329,31,240
"seed-design","@seed-design/react-primitive@0.0.1","day","2025-02-25","화요일",0,329,31,241
"seed-design","@seed-design/react-popover@0.0.1","day","2025-02-25","화요일",0,329,31,242
"seed-design","@seed-design/react-dialog@0.0.1","day","2025-02-25","화요일",0,329,31,243
"seed-design","@seed-design/react-checkbox@0.0.1","day","2025-02-25","화요일",0,329,31,244
"seed-design","@seed-design/react-avatar@0.0.1","day","2025-02-25","화요일",0,329,31,245
"seed-design","@seed-design/migration-index@0.0.1","day","2025-02-25","화요일",0,329,31,246
"seed-design","@seed-design/dom-utils@0.0.1","day","2025-02-25","화요일",0,329,31,247
"seed-design","@seed-design/css@0.0.1","day","2025-02-25","화요일",0,329,31,248
"seed-design","@seed-design/codemod@0.0.12","day","2025-02-25","화요일",0,329,31,249
"seed-design","@seed-design/cli@0.0.1","day","2025-02-25","화요일",0,329,31,250
"seed-design","@seed-design/stackflow@0.0.1-rc.1","day","2025-02-20","목요일",-4,329,8,251
"seed-design","@seed-design/react@0.0.1-rc.2","day","2025-02-20","목요일",0,329,8,252
"seed-design","@seed-design/migration-index@0.0.1-rc.0","day","2025-02-20","목요일",0,329,8,253
"seed-design","@seed-design/css@0.0.1-rc.1","day","2025-02-20","목요일",0,329,8,254
"seed-design","@seed-design/codemod@0.0.12-rc.3","day","2025-02-20","목요일",0,329,8,255
"seed-design","@seed-design/codemod@0.0.12-rc.2","day","2025-02-20","목요일",0,329,8,256
"seed-design","@seed-design/codemod@0.0.12-rc.1","day","2025-02-20","목요일",0,329,8,257
"seed-design","@seed-design/codemod@0.0.12-rc.0","day","2025-02-20","목요일",0,329,8,258
"seed-design","@seed-design/stackflow@0.0.1-rc.0","day","2025-02-19","수요일",-1,329,17,259
"seed-design","@seed-design/react@0.0.1-rc.1","day","2025-02-19","수요일",0,329,17,260
"seed-design","@seed-design/react@0.0.1-rc.0","day","2025-02-19","수요일",0,329,17,261
"seed-design","@seed-design/react-toggle@0.0.1-rc.0","day","2025-02-19","수요일",0,329,17,262
"seed-design","@seed-design/react-text-field@0.0.1-rc.0","day","2025-02-19","수요일",0,329,17,263
"seed-design","@seed-design/react-tabs@0.0.1-rc.0","day","2025-02-19","수요일",0,329,17,264
"seed-design","@seed-design/react-switch@0.0.1-rc.0","day","2025-02-19","수요일",0,329,17,265
"seed-design","@seed-design/react-snackbar@0.0.1-rc.0","day","2025-02-19","수요일",0,329,17,266
"seed-design","@seed-design/react-segmented-control@0.0.1-rc.0","day","2025-02-19","수요일",0,329,17,267
"seed-design","@seed-design/react-radio-group@0.0.1-rc.0","day","2025-02-19","수요일",0,329,17,268
"seed-design","@seed-design/react-pull-to-refresh@0.0.1-rc.0","day","2025-02-19","수요일",0,329,17,269
"seed-design","@seed-design/react-progress@0.0.1-rc.0","day","2025-02-19","수요일",0,329,17,270
"seed-design","@seed-design/react-popover@0.0.1-rc.0","day","2025-02-19","수요일",0,329,17,271
"seed-design","@seed-design/react-dialog@0.0.1-rc.0","day","2025-02-19","수요일",0,329,17,272
"seed-design","@seed-design/react-checkbox@0.0.1-rc.0","day","2025-02-19","수요일",0,329,17,273
"seed-design","@seed-design/react-avatar@0.0.1-rc.0","day","2025-02-19","수요일",0,329,17,274
"seed-design","@seed-design/css@0.0.1-rc.0","day","2025-02-19","수요일",0,329,17,275
"seed-design","@seed-design/stylesheet@1.0.4","day","2024-01-29","월요일",-386,329,1,276
"seed-design","@seed-design/react-theming@2.1.4","day","2023-07-31","월요일",-181,329,1,277
"seed-design","gatsby-plugin-seed-design@0.2.7","day","2023-07-17","월요일",-13,329,1,278
"seed-design","@seed-design/icon-deprecated@0.2.1","day","2023-07-05","수요일",-11,329,1,279
"seed-design","@seed-design/design-token@1.0.3","day","2023-05-23","화요일",-43,329,1,280
"seed-design","gatsby-plugin-seed-design@0.2.6","day","2023-04-25","화요일",-28,329,1,281
"seed-design","@seed-design/icon@0.2.1","day","2023-04-19","수요일",-5,329,2,282
"seed-design","@seed-design/icon@0.2.0","day","2023-04-19","수요일",0,329,2,283
"seed-design","@seed-design/design-token@1.0.1","day","2023-04-14","금요일",-4,329,1,284
"seed-design","@seed-design/icon@0.1.13","day","2023-03-11","토요일",-34,329,0,285
"seed-design","@seed-design/icon@0.1.12","day","2023-03-11","토요일",0,329,0,286
"seed-design","@seed-design/icon@0.1.11","day","2023-03-10","금요일",0,329,1,287
"seed-design","@seed-design/icon@0.1.10","day","2023-03-09","목요일",-1,329,1,288
"seed-design","@seed-design/icon@0.1.8","day","2023-02-23","목요일",-13,329,1,289
"seed-design","@seed-design/icon@0.1.7","day","2023-02-21","화요일",-2,329,1,290
"seed-design","@seed-design/icon@0.1.6","day","2023-02-20","월요일",0,329,3,291
"seed-design","@seed-design/icon@0.1.5","day","2023-02-20","월요일",0,329,3,292
"seed-design","@seed-design/icon@0.1.4","day","2023-02-20","월요일",0,329,3,293
"seed-design","@seed-design/icon@0.1.2","day","2023-02-17","금요일",-2,329,2,294
"seed-design","@seed-design/icon@0.1.1","day","2023-02-17","금요일",0,329,2,295
"seed-design","@seed-design/icon@0.1.0","day","2023-02-14","화요일",-2,329,1,296
"seed-design","@seed-design/icon@0.0.8","day","2023-02-13","월요일",-1,329,2,297
"seed-design","@seed-design/icon@0.0.7","day","2023-02-13","월요일",0,329,2,298
"seed-design","@seed-design/icon@0.0.6","day","2023-02-09","목요일",-4,329,6,299
"seed-design","@seed-design/icon@0.0.5","day","2023-02-09","목요일",0,329,6,300
"seed-design","@seed-design/icon@0.0.4","day","2023-02-09","목요일",0,329,6,301
"seed-design","@seed-design/icon@0.0.3","day","2023-02-09","목요일",0,329,6,302
"seed-design","@seed-design/icon@0.0.2","day","2023-02-09","목요일",0,329,6,303
"seed-design","@seed-design/icon@0.0.1","day","2023-02-09","목요일",0,329,6,304
"seed-design","gatsby-plugin-seed-design@0.2.5","day","2023-01-18","수요일",-21,329,2,305
"seed-design","@seed-design/stylesheet@1.0.3","day","2023-01-18","수요일",0,329,2,306
"seed-design","gatsby-plugin-seed-design@0.2.4","day","2022-12-09","금요일",-39,329,2,307
"seed-design","@seed-design/stylesheet@1.0.2","day","2022-12-09","금요일",0,329,2,308
"seed-design","gatsby-plugin-seed-design@0.2.3","day","2022-12-08","목요일",0,329,3,309
"seed-design","gatsby-plugin-seed-design@0.2.2","day","2022-12-08","목요일",0,329,3,310
"seed-design","@seed-design/react-theming@2.1.2","day","2022-12-08","목요일",0,329,3,311
"seed-design","gatsby-plugin-seed-design@0.2.1","day","2022-11-29","화요일",-9,329,2,312
"seed-design","@seed-design/react-theming@2.1.1","day","2022-11-29","화요일",0,329,2,313
"seed-design","gatsby-plugin-seed-design@0.2.0","day","2022-11-25","금요일",-3,329,4,314
"seed-design","gatsby-plugin-seed-design@0.0.4","day","2022-11-25","금요일",0,329,4,315
"seed-design","@seed-design/react-theming@2.1.0","day","2022-11-25","금요일",0,329,4,316
"seed-design","@seed-design/react-theming@2.0.4","day","2022-11-25","금요일",0,329,4,317
"seed-design","gatsby-plugin-seed-design@0.0.3","day","2022-11-24","목요일",0,329,4,318
"seed-design","gatsby-plugin-seed-design@0.0.2","day","2022-11-24","목요일",0,329,4,319
"seed-design","@seed-design/react-theming@2.0.3","day","2022-11-24","목요일",0,329,4,320
"seed-design","@seed-design/react-theming@2.0.2","day","2022-11-24","목요일",0,329,4,321
"seed-design","@seed-design/react-theming@2.0.1","day","2022-11-18","금요일",-5,329,2,322
"seed-design","@seed-design/react-theming@2.0.0","day","2022-11-18","금요일",0,329,2,323
"seed-design","@seed-design/stylesheet@1.0.1","day","2022-10-07","금요일",-42,329,1,324
"seed-design","@karrotmarket/design-token@1.1.2","day","2022-03-10","목요일",-210,329,1,325
"seed-design","@karrotmarket/styled-components-theme@0.2.0","day","2021-10-15","금요일",-145,329,4,326
"seed-design","@karrotmarket/react-theming@0.2.0","day","2021-10-15","금요일",0,329,4,327
"seed-design","@karrotmarket/react-emotion-theme@0.4.0","day","2021-10-15","금요일",0,329,4,328
"seed-design","@karrotmarket/design-token@0.2.0","day","2021-10-15","금요일",0,329,4,329